{
  "GOOGLE_TRANSLATE": {
    "auto": "Automatic",
    "af": "Afrikaans",
    "sq": "Albanian",
    "am": "Amharic",
    "ar": "Arabic",
    "hy": "Armenian",
    "az": "Azerbaijani",
    "eu": "Basque",
    "be": "Belarusian",
    "bn": "Bengali",
    "bs": "Bosnian",
    "bg": "Bulgarian",
    "ca": "Catalan",
    "ceb": "Cebuano",
    "ny": "Chichewa",
    "zh-CN": "簡體中文",
    "zh-TW": "繁體中文",
    "co": "Corsican",
    "hr": "Croatian",
    "cs": "Czech",
    "da": "Danish",
    "nl": "Dutch",
    "en": "英文",
    "eo": "Esperanto",
    "et": "Estonian",
    "tl": "Filipino",
    "fi": "Finnish",
    "fr": "French",
    "fy": "Frisian",
    "gl": "Galician",
    "ka": "Georgian",
    "de": "German",
    "el": "Greek",
    "gu": "Gujarati",
    "ht": "Haitian Creole",
    "ha": "Hausa",
    "haw": "Hawaiian",
    "he": "Hebrew",
    "iw": "Hebrew",
    "hi": "Hindi",
    "hmn": "Hmong",
    "hu": "Hungarian",
    "is": "Icelandic",
    "ig": "Igbo",
    "id": "Indonesian",
    "ga": "Irish",
    "it": "Italian",
    "ja": "日文",
    "jw": "Javanese",
    "kn": "Kannada",
    "kk": "Kazakh",
    "km": "Khmer",
    "ko": "韓文",
    "ku": "Kurdish (Kurmanji)",
    "ky": "Kyrgyz",
    "lo": "Lao",
    "la": "Latin",
    "lv": "Latvian",
    "lt": "Lithuanian",
    "lb": "Luxembourgish",
    "mk": "Macedonian",
    "mg": "Malagasy",
    "ms": "Malay",
    "ml": "Malayalam",
    "mt": "Maltese",
    "mi": "Maori",
    "mr": "Marathi",
    "mn": "Mongolian",
    "my": "Myanmar (Burmese)",
    "ne": "Nepali",
    "no": "Norwegian",
    "ps": "Pashto",
    "fa": "Persian",
    "pl": "Polish",
    "pt": "Portuguese",
    "pa": "Punjabi",
    "ro": "Romanian",
    "ru": "Russian",
    "sm": "Samoan",
    "gd": "Scots Gaelic",
    "sr": "Serbian",
    "st": "Sesotho",
    "sn": "Shona",
    "sd": "Sindhi",
    "si": "Sinhala",
    "sk": "Slovak",
    "sl": "Slovenian",
    "so": "Somali",
    "es": "Spanish",
    "su": "Sundanese",
    "sw": "Swahili",
    "sv": "Swedish",
    "tg": "Tajik",
    "ta": "Tamil",
    "te": "Telugu",
    "th": "Thai",
    "tr": "Turkish",
    "uk": "Ukrainian",
    "ur": "Urdu",
    "uz": "Uzbek",
    "vi": "Vietnamese",
    "cy": "Welsh",
    "xh": "Xhosa",
    "yi": "Yiddish",
    "yo": "Yoruba",
    "zu": "Zulu"
  },
  "COLORS": [
    "Default",
    "Random",
    "Aqua",
    "DarkAqua",
    "Green",
    "DarkGreen",
    "Blue",
    "DarkBlue",
    "Purple",
    "DarkPurple",
    "LuminousVividPink",
    "DarkVividPink",
    "Gold",
    "DarkGold",
    "Orange",
    "DarkOrange",
    "Red",
    "DarkRed",
    "Grey",
    "DarkGrey",
    "DarkerGrey",
    "LightGrey",
    "Navy",
    "DarkNavy",
    "Yellow",
    "White",
    "Greyple",
    "Black",
    "DarkButNotBlack",
    "NotQuiteBlack",
    "Blurple",
    "Fuchsia"
  ]
}
